<?xml version="1.0" encoding="UTF-8"?>
<beans xmlns="http://www.springframework.org/schema/beans"  
    xmlns:xsi="http://www.w3.org/2001/XMLSchema-instance"  
    xmlns:p="http://www.springframework.org/schema/p"  
    xmlns:context="http://www.springframework.org/schema/context" 
    xmlns:mvc="http://www.springframework.org/schema/mvc" 
    xmlns:websocket="http://www.springframework.org/schema/websocket"
    xsi:schemaLocation="http://www.springframework.org/schema/beans  
http://www.springframework.org/schema/beans/spring-beans-3.0.xsd  
http://www.springframework.org/schema/context  
http://www.springframework.org/schema/context/spring-context-3.0.xsd
http://www.springframework.org/schema/mvc 
http://www.springframework.org/schema/mvc/spring-mvc.xsd
 http://www.springframework.org/schema/websocket
    http://www.springframework.org/schema/websocket/spring-websocket.xsd">  
<mvc:annotation-driven/>
<context:component-scan base-package="com.niitconnect.controller"/>
<mvc:resources location="/resources/" mapping="/resources/**" />
<bean id="multipartResolver" class="org.springframework.web.multipart.commons.CommonsMultipartResolver" />
<bean  class="org.springframework.web.servlet.view.InternalResourceViewResolver">
<property name="prefix">
<value>/WEB-INF/views/</value>
</property>
<property name="suffix">
<value>.jsp</value>
</property>
</bean>
<websocket:message-broker application-destination-prefix="/app">
        <websocket:stomp-endpoint path="/chat">
            <websocket:sockjs/>
        </websocket:stomp-endpoint>
        <websocket:simple-broker prefix="/topic"/>
    </websocket:message-broker>
</beans>